ID,Cluster
766192484,5
766192485,0
766192486,0
766192487,5
766192488,0
766192489,5
766192490,5
766192491,5
766192492,5
766192493,5
766192494,0
766192495,0
766192496,0
766192497,2
766192498,0
766192499,5
766192500,5
766192501,0
766192502,0
766192503,5
766192504,5
766192505,2
766192506,0
766192507,5
766192508,5
766192509,0
766192510,0
766192511,5
766192512,5
766192513,0
766192514,0
766192515,5
766192516,0
766192517,0
766192518,5
766192519,0
766192520,5
766192521,0
766192522,5
766192523,5
766192524,5
766192525,0
766192526,5
766192527,0
766192528,5
766192529,5
766192530,0
766192531,0
766192532,5
766192533,2
766192534,5
766192535,5
766192536,5
766192537,0
766192538,0
766192539,1
766192540,0
766192541,0
766192542,0
766192543,2
766192544,0
766192545,2
766192546,0
766192547,2
766192548,5
766192549,2
766192550,2
766192551,5
766192552,0
766192553,0
766192554,0
766192555,0
766192556,5
766192557,0
766192558,5
766192559,2
766192560,0
766192561,2
766192562,0
766192563,0
766192564,0
766192565,0
766192566,5
766192567,2
766192568,0
766192569,5
766192570,2
766192571,5
766192572,5
766192573,5
766192574,5
766192575,0
766192576,5
766192577,2
766192578,2
766192579,5
766192580,2
766192581,0
766192582,5
766192583,0
766192585,0
766192586,0
766192587,5
766192588,0
766192589,1
766192590,0
766192591,2
766192592,2
766192593,0
766192594,5
766192595,0
766192596,0
766192597,5
766192598,5
766192599,5
766192600,0
766192601,5
766192602,5
766192603,0
766192604,2
766192605,0
766192606,0
766192607,2
766192608,5
766192609,2
766192610,2
766192611,5
766192612,0
766192613,5
766192614,5
766192615,5
766192616,0
766192617,5
766192618,0
766192619,0
766192620,0
766192621,0
766192622,5
766192623,0
766192624,0
766192625,0
766192626,0
766192627,0
766192628,0
766192629,5
766192630,5
766192631,0
766192632,0
766192633,0
766192634,0
766192635,5
766192636,0
766192637,0
766192638,0
766192639,2
766192640,5
766192641,5
766192642,5
766192643,0
766192644,2
766192645,5
766192646,5
766192647,5
766192648,0
766192649,0
766192650,0
766192651,5
766192652,1
766192653,0
766192654,0
766192655,5
766192656,0
766192657,0
766192658,5
766192659,0
766192660,5
766192661,0
766192662,0
766192663,5
766192664,0
766192665,5
766192666,5
766192667,0
766192668,2
766192669,5
766192670,0
766192671,0
766192672,5
766192673,5
766192674,5
766192675,5
766192676,2
766192677,0
766192678,0
766192679,5
766192680,5
766192681,0
766192682,0
766192683,0
766192684,0
766192685,0
766192686,2
766192687,0
766192688,5
766192689,5
766192690,2
766192691,5
766192692,5
766192693,5
766192694,5
766192695,0
766192696,5
766192697,5
766192698,0
766192699,5
766192700,0
766192701,0
766192702,0
766192703,5
766192704,5
766192705,0
766192706,0
766192707,5
766192708,0
766192709,2
766192710,5
766192711,0
766192712,5
766192713,5
766192714,0
766192715,0
766192716,2
766192717,0
766192718,1
766192719,5
766192720,5
766192721,5
766192722,2
766192723,5
766192724,2
766192725,5
766192726,5
766192727,0
766192728,0
766192729,0
766192730,2
766192731,5
766192732,0
766192733,0
766192734,5
766192735,5
766192736,2
766192737,0
766192738,5
766192739,0
766192740,5
766192741,0
766192742,0
766192743,0
766192744,5
766192745,0
766192746,0
766192747,5
766192748,5
766192749,0
766192750,0
766192751,5
766192752,5
766192753,0
766192754,5
766192755,0
766192756,2
766192757,5
766192758,2
766192759,2
766192760,0
766192761,0
766192762,2
766192763,2
766192764,0
766192765,5
766192766,5
766192767,5
766192768,5
766192769,5
766192770,5
766192771,0
766192772,2
766192773,0
766192774,5
766192775,5
766192776,0
766192777,5
766192778,5
766192779,0
766192780,0
766192781,0
766192782,0
766192783,0
766192784,5
766192785,0
766192786,5
766192787,5
766192788,2
766192789,0
766192790,2
766192791,5
766192792,0
766192793,5
766192794,5
766192795,5
766192796,5
766192797,0
766192798,5
766192799,5
766192800,0
766192801,2
766192802,5
766192803,5
766192804,0
766192805,0
766192806,5
766192807,0
766192808,5
766192809,0
766192810,0
766192811,0
766192812,0
766192813,0
766192814,0
766192815,0
766192816,5
766192817,0
766192818,2
766192819,5
766192820,5
766192821,2
766192822,5
766192823,0
766192824,0
766192825,0
766192826,0
766192827,5
766192828,5
766192829,0
766192830,5
766192831,2
766192832,5
766192833,2
766192834,2
766192835,5
766192836,0
766192837,5
766192838,0
766192839,5
766192840,0
766192841,0
766192842,0
766192843,0
766192844,5
766192845,5
766192846,0
766192847,0
766192848,0
766192849,5
766192850,0
766192851,0
766192852,0
766192853,2
766192854,0
766192855,5
766192856,0
766192857,2
766192858,0
766192859,2
766192860,2
766192861,5
766192862,2
766192863,2
766192864,2
766192865,5
766192866,2
766192867,2
766192868,5
766192869,0
766192870,5
766192871,5
766192872,0
766192873,5
766192874,0
766192875,5
766192876,0
766192877,0
766192878,5
766192879,5
766192880,2
766192881,0
766192882,5
766192883,0
766192884,0
766192885,0
766192886,0
766192887,2
766192888,0
766192889,5
766192890,0
766192891,5
766192892,0
766192893,0
766192894,5
766192895,5
766192896,5
766192897,5
766192898,0
766192899,5
766192900,0
766192901,0
766192902,2
766192903,0
766192904,5
766192905,0
766192906,0
766192907,5
766192908,0
766192909,0
766192910,0
766192911,5
766192912,5
766192913,0
766192914,5
766192915,5
766192916,0
766192917,0
766192918,5
766192919,5
766192920,0
766192921,0
766192922,0
766192923,2
766192924,5
766192925,0
766192926,0
766192927,0
766192928,0
766192929,0
766192930,5
766192931,0
766192932,0
766192933,5
766192934,0
766192935,5
766192936,0
766192937,2
766192938,5
766192939,5
766192940,0
766192941,5
766192942,5
766192943,0
766192944,0
766192945,5
766192946,5
766192947,0
766192948,2
766192949,0
766192950,5
766192951,5
766192952,0
766192953,2
766192954,0
766192955,5
766192956,0
766192957,5
766192958,5
766192959,0
766192960,0
766192961,5
766192962,5
766192963,5
766192964,5
766192965,0
766192966,0
766192967,0
766192968,0
766192969,0
766192970,5
766192971,0
766192972,5
766192973,0
766192974,0
766192975,0
766192976,5
766192977,5
766192978,0
766192979,5
766192980,5
766192981,5
766192982,5
766192983,5
766192984,5
766192985,5
766192986,0
766192987,5
766192988,5
766192989,0
766192990,5
766192991,5
766192992,0
766192993,0
766192994,5
766192995,5
766192996,5
766192997,5
766192998,0
766192999,0
766193000,5
766193001,5
766193002,5
766193003,5
766193004,2
766193005,5
766193006,5
766193007,5
766193008,0
766193009,5
766193010,5
766193011,2
766193012,0
766193013,0
766193014,5
766193015,5
766193016,5
766193017,0
766193018,0
766193019,0
766193020,5
766193021,0
766193022,5
766193023,5
766193024,5
766193025,5
766193026,0
766193027,2
766193028,0
766193029,0
766193030,0
766193031,0
766193032,5
766193033,5
766193034,0
766193035,0
766193036,0
766193037,0
766193038,0
766193039,5
766193040,0
766193041,5
766193042,5
766193043,0
766193044,5
766193045,0
766193046,0
766193047,0
766193048,5
766193049,0
766193050,5
766193051,0
766193052,0
766193053,5
766193054,0
766193055,5
766193056,0
766193057,5
766193058,0
766193059,5
766193060,0
766193061,0
766193062,5
766193063,0
766193064,0
766193065,0
766193066,0
766193067,0
766193068,0
766193069,5
766193070,0
766193071,5
766193072,5
766193073,5
766193074,5
766193075,0
766193076,0
766193077,0
766193078,0
766193079,0
766193080,5
766193081,5
766193082,5
766193083,0
766193084,0
766193085,5
766193086,5
766193087,5
766193088,0
766193089,0
766193090,5
766193091,5
766193092,2
766193093,0
766193094,5
766193095,0
766193096,0
766193097,0
766193098,5
766193099,5
766193100,5
766193101,5
766193102,5
766193103,5
766193104,0
766193105,5
766193106,0
766193107,0
766193108,0
766193109,5
766193110,5
766193111,0
766193112,0
766193113,5
766193114,0
766193115,5
766193116,5
766193117,5
766193118,5
766193119,0
766193120,5
766193121,0
766193122,0
766193123,5
766193124,0
766193125,5
766193126,5
766193127,5
766193128,5
766193129,0
766193130,0
766193131,5
766193132,5
766193133,5
766193134,5
766193135,5
766193136,5
766193137,0
766193138,5
766193139,2
766193140,0
766193141,0
766193142,5
766193143,5
766193144,0
766193145,5
766193146,5
766193147,0
766193148,0
766193149,0
766193150,0
766193151,5
766193152,5
766193153,0
766193154,2
766193155,0
766193156,2
766193157,0
766193158,5
766193159,5
766193160,5
766193161,0
766193162,2
766193163,5
766193164,5
766193165,0
766193166,2
766193167,5
766193168,0
766193169,5
766193170,5
766193171,5
766193172,2
766193173,5
766193174,0
766193175,5
766193176,5
766193177,0
766193178,0
766193179,5
766193180,0
766193181,0
766193182,0
766193183,5
766193184,0
766193185,0
766193186,0
766193187,0
766193188,0
766193189,0
766193190,5
766193191,5
766193192,2
766193193,5
766193194,0
766193195,0
766193196,2
766193197,0
766193198,0
766193199,0
766193200,0
766193201,0
766193202,0
766193203,5
766193204,5
766193205,2
766193206,0
766193207,2
766193208,5
766193209,5
766193210,0
766193211,0
766193212,2
766193213,5
766193214,5
766193215,0
766193216,5
766193217,5
766193218,5
766193219,5
766193220,5
766193221,5
766193222,2
766193223,5
766193224,0
766193225,5
766193226,0
766193227,5
766193228,5
766193229,0
766193230,5
766193231,5
766193232,0
766193233,5
766193234,0
766193235,0
766193236,5
766193237,0
766193238,0
766193239,0
766193240,0
766193241,0
766193242,5
766193243,5
766193244,5
766193245,5
766193246,5
766193247,0
766193248,5
766193249,5
766193250,5
766193251,5
766193252,5
766193253,5
766193254,0
766193255,0
766193256,2
766193257,5
766193258,5
766193259,0
766193260,2
766193261,5
766193262,0
766193263,5
766193264,5
766193265,0
766193266,5
766193267,5
766193268,0
766193269,5
766193270,5
766193271,5
766193272,5
766193273,2
766193274,2
766193275,5
766193276,0
766193277,5
766193278,0
766193279,0
766193280,5
766193281,0
766193282,0
766193283,0
766193284,0
766193285,5
766193286,0
766193287,0
766193288,5
766193289,0
766193290,0
766193291,5
766193292,0
766193293,0
766193294,0
766193295,0
766193296,5
766193297,0
766193298,0
766193299,5
766193300,0
766193301,0
766193302,0
766193303,0
766193304,5
766193305,5
766193306,0
766193307,0
766193308,5
766193309,2
766193310,0
766193311,2
766193312,5
766193313,0
766193314,5
766193315,5
766193316,0
766193317,5
766193318,5
766193319,0
766193320,5
766193321,0
766193322,2
766193323,5
766193324,0
766193325,0
766193326,0
766193327,5
766193328,5
766193329,5
766193330,0
766193331,0
766193332,0
766193333,0
766193334,5
766193335,5
766193336,5
766193337,0
766193338,0
766193339,2
766193340,5
766193341,5
766193342,5
766193343,5
766193344,0
766193345,5
766193346,5
766193347,0
766193348,5
766193349,0
766193350,5
766193351,5
766193352,5
766193353,5
766193354,0
766193355,5
766193356,0
766193357,0
766193358,0
766193359,5
766193360,5
766193361,5
766193362,0
766193363,2
766193364,5
766193365,0
766193366,0
766193367,5
766193368,0
766193369,2
766193370,5
766193371,0
766193372,2
766193373,2
766193374,0
766193375,5
766193376,5
766193377,5
766193378,0
766193379,0
766193380,5
766193381,0
766193382,5
766193383,0
766193384,5
766193385,5
766193386,0
766193387,5
766193388,0
766193389,5
766193390,5
766193391,0
766193392,0
766193393,5
766193394,5
766193395,0
766193396,0
766193397,0
766193398,0
766193399,5
766193400,5
766193401,5
766193402,0
766193403,0
766193404,5
766193405,0
766193406,0
766193407,0
766193408,5
766193409,0
766193410,2
766193411,2
766193412,0
766193413,2
766193414,0
766193415,5
766193416,0
766193417,2
766193418,2
766193419,0
766193420,0
766193421,0
766193422,5
766193423,5
766193424,2
766193425,2
766193426,0
766193427,2
766193428,0
766193429,0
766193430,0
766193431,5
766193432,0
766193433,2
766193434,0
766193435,2
766193436,0
766193437,5
766193438,0
766193439,5
766193440,5
766193441,0
766193442,0
766193443,2
766193444,5
766193445,5
766193446,2
766193447,5
766193448,0
766193449,0
766193450,0
766193451,5
766193452,0
766193453,2
766193454,0
766193455,5
766193456,0
766193457,0
766193458,5
766193459,2
766193460,5
766193461,5
766193462,0
766193463,5
766193464,0
766193465,5
766193466,2
766193467,5
766193468,5
766193469,0
766193470,0
766193471,5
766193472,2
766193473,0
766193474,5
766193475,0
766193476,5
766193477,0
766193478,0
766193479,0
766193480,0
766193481,5
766193482,5
766193483,0
766193484,5
766193485,0
766193486,5
766193487,0
766193488,5
766193489,5
766193490,0
766193491,0
766193492,0
766193493,0
766193494,5
766193495,0
766193496,5
766193497,0
766193498,0
766193499,2
766193500,5
766193501,2
766193502,5
766193503,5
766193504,5
766193505,5
766193506,0
766193507,5
766193508,0
766193509,5
766193510,2
766193511,5
766193512,5
766193513,2
766193514,0
766193515,5
766193516,2
766193517,5
766193518,0
766193519,5
766193520,5
766193521,0
766193522,5
766193523,2
766193524,0
766193525,5
766193526,0
766193527,0
766193528,5
766193529,0
766193530,5
766193531,0
766193532,0
766193533,5
766193534,5
766193535,0
766193536,5
766193537,5
766193538,5
766193539,5
766193540,0
766193541,5
766193542,0
766193543,2
766193544,5
766193545,0
766193546,0
766193547,0
766193548,0
766193549,5
766193550,5
766193551,5
766193552,5
766193553,0
766193554,5
766193555,5
766193556,0
766193557,5
766193558,0
766193559,0
766193560,0
766193561,0
766193562,0
766193563,0
766193564,0
766193565,5
766193566,5
766193567,2
766193568,0
766193569,0
766193570,5
766193571,0
766193572,5
766193573,5
766193574,5
766193575,5
766193576,5
766193577,0
766193578,0
766193579,0
766193580,0
766193581,5
766193582,0
766193583,5
766193584,5
766193585,5
766193586,0
766193587,5
766193588,5
766193589,0
766193590,0
766193591,0
766193592,5
766193593,0
766193594,5
766193595,5
766193596,2
766193597,0
766193598,5
766193599,0
766193600,0
766193601,5
766193602,5
766193603,5
766193604,5
766193605,5
766193606,2
766193607,0
766193608,0
766193609,5
766193610,0
766193611,5
766193612,2
766193613,5
766193614,5
766193615,5
766193616,5
766193617,2
766193618,2
766193619,5
766193620,0
766193621,0
766193622,0
766193623,0
766193624,0
766193625,5
766193626,5
766193627,0
766193628,0
766193629,5
766193630,0
766193631,5
766193632,5
766193633,0
766193634,0
766193635,0
766193636,0
766193637,0
766193638,2
766193639,5
766193640,0
766193641,5
766193642,2
766193643,0
766193644,5
766193645,0
766193646,5
766193647,0
766193648,0
766193649,5
766193650,0
766193651,5
766193652,5
766193653,0
766193654,5
766193655,5
766193656,5
766193657,0
766193658,0
766193659,5
766193660,0
766193661,2
766193662,0
766193663,0
766193664,5
766193665,5
766193666,0
766193667,5
766193668,5
766193669,5
766193670,0
766193671,5
766193672,5
766193673,2
766193674,5
766193675,0
766193676,0
766193677,0
766193678,0
766193679,0
766193680,5
766193681,5
766193682,0
766193683,0
766193684,5
766193685,5
766193686,5
766193687,2
766193688,0
766193689,0
766193690,5
766193691,1
766193692,5
766193693,5
766193694,0
766193695,5
766193696,2
766193697,5
766193698,0
766193699,2
766193700,0
766193701,5
766193702,5
766193703,0
766193704,0
766193705,2
766193706,5
766193707,0
766193708,5
766193709,2
766193710,0
766193711,0
766193712,5
766193713,5
766193714,0
766193715,0
766193716,0
766193717,0
766193718,5
766193719,5
766193720,5
766193721,5
766193722,5
766193723,2
766193724,0
766193725,2
766193726,0
766193727,5
766193728,0
766193729,0
766193730,2
766193731,0
766193732,0
766193733,0
766193734,5
766193735,0
766193736,2
766193737,0
766193738,5
766193739,5
766193740,5
766193741,5
766193742,0
766193743,0
766193744,5
766193745,5
766193746,5
766193747,5
766193748,5
766193749,5
766193750,5
766193751,0
766193752,0
766193753,2
766193754,5
766193755,5
766193756,5
766193757,0
766193758,2
766193759,0
766193760,5
766193761,0
766193762,5
766193763,5
766193764,2
766193765,0
766193766,0
766193767,0
766193768,0
766193769,0
766193770,0
766193771,5
766193772,0
766193773,0
766193774,5
766193775,5
766193776,5
766193777,5
766193778,2
766193779,1
766193780,2
766193781,2
766193782,5
766193783,5
766193784,0
766193785,0
766193786,0
766193787,5
766193788,0
766193789,5
766193790,5
766193791,0
766193792,5
766193793,0
766193794,2
766193795,5
766193796,5
766193797,0
766193798,0
766193799,0
766193800,0
766193801,5
766193802,0
766193803,5
766193804,5
766193805,5
766193806,5
766193807,5
766193808,5
766193809,5
766193810,0
766193811,0
766193812,2
766193813,2
766193814,0
766193815,0
766193816,5
766193817,5
766193818,0
766193819,0
766193820,0
766193821,0
766193822,0
766193823,5
766193824,0
766193825,5
766193826,5
766193827,2
766193828,0
766193829,2
766193830,0
766193831,5
766193832,0
766193833,5
766193834,5
766193835,5
766193836,5
766193837,0
766193838,5
766193839,5
766193840,0
766193841,5
766193842,0
766193843,5
766193844,0
766193845,0
766193846,0
766193847,5
766193848,5
766193849,5
766193850,5
766193851,5
766193852,5
766193853,0
766193854,5
766193855,5
766193856,2
766193857,5
766193858,5
766193859,0
766193860,5
766193861,1
766193862,5
766193863,5
766193864,2
766193865,2
766193866,5
766193867,0
766193868,0
766193869,2
766193870,0
766193871,0
766193872,2
766193873,0
766193874,5
766193875,0
766193876,5
766193877,0
766193878,0
766193879,5
766193880,5
766193881,5
766193882,0
766193883,5
766193884,0
766193885,5
766193886,0
766193887,0
766193888,0
766193889,0
766193890,0
766193891,5
766193892,2
766193893,5
766193894,0
766193895,5
766193896,5
766193897,0
766193898,0
766193899,5
766193900,0
766193901,5
766193902,2
766193903,2
766193904,0
766193905,5
766193906,5
766193907,5
766193908,1
766193909,2
766193910,0
766193911,0
766193912,5
766193913,0
766193914,5
766193915,5
766193916,0
766193917,0
766193918,5
766193919,5
766193920,5
766193921,5
766193922,0
766193923,5
766193924,5
766193925,5
766193926,0
766193927,5
766193928,5
766193929,0
766193930,5
766193931,0
766193932,0
766193933,0
766193934,0
766193935,0
766193936,5
766193937,0
766193938,5
766193939,2
766193940,5
766193941,5
766193942,0
766193943,5
766193944,0
766193945,5
766193946,0
766193947,5
766193948,0
766193949,0
766193950,5
766193951,5
766193952,5
766193953,0
766193954,5
766193955,0
766193956,0
766193957,5
766193958,5
766193959,2
766193960,5
766193961,0
766193962,5
766193963,0
766193964,2
766193965,2
766193966,0
766193967,5
766193968,0
766193969,2
766193970,5
766193971,5
766193972,0
766193973,0
766193974,2
766193975,0
766193976,5
766193977,5
766193978,5
766193979,0
766193980,5
766193981,5
766193982,5
766193983,5
766193984,5
766193985,2
766193986,0
766193987,0
766193988,0
766193989,5
766193990,0
766193991,5
766193992,5
766193993,0
766193994,0
766193995,5
766193996,5
766193997,0
766193998,5
766193999,2
766194000,0
766194001,5
766194002,5
766194003,5
766194004,0
766194005,0
766194006,5
766194007,2
766194008,0
766194009,5
766194010,5
766194011,5
766194012,5
766194013,0
766194014,5
766194015,5
766194016,5
766194017,2
766194018,0
766194019,0
766194020,5
766194021,0
766194022,5
766194023,0
766194024,0
766194025,0
766194026,5
766194027,5
766194028,0
766194029,2
766194030,0
766194031,0
766194032,5
766194033,0
766194034,0
766194035,0
766194036,0
766194037,5
766194038,0
766194039,0
766194040,0
766194041,5
766194042,2
766194043,5
766194044,0
766194045,0
766194046,5
766194047,0
766194048,5
766194049,5
766194050,5
766194051,5
766194052,0
766194053,5
766194054,0
766194055,0
766194056,5
766194057,5
766194058,0
766194059,5
766194060,2
766194061,5
766194062,0
766194063,0
766194064,5
766194065,5
766194066,0
766194067,0
766194068,5
766194069,0
766194070,0
766194071,5
766194072,0
766194073,5
766194074,5
766194075,0
766194076,0
766194077,5
766194078,0
766194079,0
766194080,0
766194081,0
766194082,0
766194083,5
766194084,5
766194085,5
766194086,0
766194087,5
766194088,5
766194089,0
766194090,0
766194091,2
766194092,5
766194093,0
766194094,5
766194095,2
766194096,0
766194097,5
766194098,0
766194099,0
766194100,0
766194101,5
766194102,5
766194103,0
766194104,5
766194105,0
766194106,0
766194107,5
766194108,5
766194109,0
766194110,0
766194111,0
766194112,0
766194113,5
766194114,5
766194115,0
766194116,5
766194117,0
766194118,5
766194119,5
766194120,0
766194121,0
766194122,5
766194123,0
766194124,5
766194125,5
766194126,0
766194127,5
766194128,2
766194129,0
766194130,0
766194131,5
766194132,2
766194133,5
766194134,0
766194135,0
766194136,2
766194137,0
766194138,5
766194139,5
766194140,0
766194141,0
766194142,0
766194143,5
766194144,5
766194145,2
766194146,2
766194147,2
766194148,0
766194149,5
766194150,2
766194151,0
766194152,0
766194153,5
766194154,0
766194155,2
766194156,2
766194157,0
766194158,5
766194159,5
766194160,0
766194161,5
766194162,5
766194163,0
766194164,0
766194165,5
766194166,0
766194167,5
766194168,5
766194169,5
766194170,0
766194171,5
766194172,0
766194173,0
766194174,5
766194175,2
766194176,0
766194177,5
766194178,5
766194179,1
766194180,5
766194181,0
766194182,0
766194183,2
766194184,0
766194185,0
766194186,0
766194187,5
766194188,5
766194189,0
766194190,5
766194191,0
766194192,5
766194193,5
766194194,0
766194195,0
766194196,0
766194197,5
766194198,5
766194199,0
766194200,0
766194201,0
766194202,0
766194203,0
766194204,0
766194205,0
766194206,2
766194207,5
766194208,0
766194209,2
766194210,5
766194211,0
766194212,5
766194213,0
766194214,5
766194215,5
766194216,0
766194217,5
766194218,0
766194219,5
766194220,5
766194221,0
766194222,5
766194223,0
766194224,2
766194225,5
766194226,5
766194227,5
766194228,0
766194229,5
766194230,0
766194231,5
766194232,0
766194233,0
766194234,5
766194235,0
766194236,5
766194237,0
766194238,0
766194239,5
766194240,1
766194241,0
766194242,5
766194243,5
766194244,0
766194245,2
766194246,5
766194247,0
766194248,5
766194249,5
766194250,0
766194251,2
766194252,5
766194253,0
766194254,2
766194255,0
766194256,5
766194257,5
766194258,0
766194259,5
766194260,5
766194261,2
766194262,5
766194263,5
766194264,5
766194265,5
766194266,0
766194267,0
766194268,0
766194269,5
766194270,2
766194271,0
766194272,5
766194273,0
766194274,0
766194275,0
766194276,5
766194277,0
766194278,0
766194279,5
766194280,5
766194281,5
766194282,0
766194283,0
766194284,5
766194285,5
766194286,0
766194287,5
766194288,2
766194289,2
766194290,0
766194291,0
766194292,5
766194293,0
766194294,5
766194295,5
766194296,0
766194297,0
766194298,5
766194299,5
766194300,5
766194301,5
766194302,0
766194303,5
766194304,0
766194305,5
766194306,5
766194307,5
766194308,5
766194309,0
766194310,2
766194311,0
766194312,0
766194313,5
766194314,2
766194315,0
766194316,0
766194317,5
766194318,5
766194319,0
766194320,5
766194321,0
766194322,0
766194323,0
766194324,0
766194325,0
766194326,0
766194327,2
766194328,0
766194329,5
766194330,0
766194331,0
766194332,5
766194333,0
766194334,0
766194335,0
766194336,2
766194337,0
766194338,0
766194339,2
766194340,0
766194341,0
766194342,5
766194343,0
766194344,0
766194345,0
766194346,5
766194347,0
766194348,0
766194349,0
766194350,5
766194351,0
766194352,5
766194353,5
766194354,5
766194355,5
766194356,5
766194357,0
766194358,5
766194359,0
766194360,5
766194361,0
766194362,0
766194363,0
766194364,0
766194365,5
766194366,2
766194367,0
766194368,5
766194369,5
766194370,2
766194371,5
766194372,0
766194373,0
766194374,0
766194375,0
766194376,2
766194377,2
766194378,2
766194379,0
766194380,0
766194381,5
766194382,0
766194383,0
766194384,5
766194386,5
766194387,5
766194388,5
766194389,5
766194390,5
766194391,0
766194392,2
766194393,5
766194394,5
766194395,0
766194396,0
766194397,5
766194398,5
766194399,0
766194400,0
766194401,5
766194402,0
766194403,5
766194404,0
766194405,5
766194406,0
766194407,2
766194408,5
766194409,5
766194410,5
766194411,5
766194412,5
766194413,5
766194414,0
766194415,0
766194416,5
766194417,2
766194418,0
766194419,0
766194420,5
766194421,2
766194422,5
766194423,0
766194424,5
766194425,0
766194426,0
766194427,0
766194428,5
766194429,5
766194430,0
766194431,5
766194432,5
766194433,5
766194434,0
766194435,5
766194436,2
766194437,5
766194438,0
766194439,2
766194440,0
766194441,5
766194442,5
766194443,0
766194444,5
766194445,5
766194446,5
766194447,0
766194448,5
766194449,0
766194450,5
766194451,5
766194452,0
766194453,0
766194454,2
766194455,5
766194456,5
766194457,5
766194458,5
766194459,5
766194460,2
766194461,2
766194462,2
766194463,5
766194464,5
766194465,0
766194466,5
766194467,0
766194468,5
766194469,2
766194470,0
766194471,5
766194472,5
766194473,2
766194474,0
766194475,0
766194476,5
766194477,5
766194478,0
766194479,5
766194480,5
766194481,0
766194482,2
766194483,0
766194484,5
766194485,5
766194486,5
766194487,5
766194488,0
766194489,2
766194490,0
766194491,5
766194492,0
766194493,2
766194494,5
766194495,2
766194496,5
766194497,0
766194498,2
766194499,0
766194500,5
766194501,5
766194502,5
766194503,0
766194504,5
766194505,5
766194506,5
766194507,5
766194508,2
766194509,5
766194510,5
766194511,0
766194512,5
766194513,0
766194514,5
766194515,5
766194516,5
766194517,0
766194518,0
766194519,5
766194520,2
766194521,5
766194522,5
766194523,0
766194524,2
766194525,5
766194526,5
766194527,0
766194528,0
766194529,1
766194530,0
766194531,5
766194532,0
766194533,5
766194534,5
766194535,5
766194536,0
766194537,5
766194538,5
766194539,0
766194540,5
766194541,0
766194542,2
766194543,0
766194544,5
766194545,5
766194546,2
766194547,5
766194548,5
766194549,0
766194550,5
766194551,5
766194552,5
766194553,5
766194554,2
766194555,5
766194556,0
766194557,5
766194558,0
766194559,5
766194560,5
766194561,5
766194562,0
766194563,5
766194564,5
766194565,5
766194566,5
766194567,0
766194568,2
766194569,5
766194570,5
766194571,2
766194572,5
766194573,5
766194574,5
766194575,5
766194576,0
766194577,0
766194578,0
766194579,5
766194580,0
766194581,0
766194582,0
766194583,0
766194584,0
766194585,5
766194586,5
766194587,5
766194588,0
766194589,0
766194590,0
766194591,2
766194592,2
766194593,5
766194594,5
766194595,0
766194596,5
766194597,5
766194598,0
766194599,5
766194600,5
766194601,5
766194602,2
766194603,5
766194604,0
766194605,0
766194606,0
766194607,5
766194608,0
766194609,0
766194610,5
766194611,5
766194612,2
766194613,0
766194614,0
766194615,5
766194616,5
766194617,0
766194618,0
766194619,5
766194620,5
766194621,0
766194622,2
766194623,0
766194624,5
766194625,0
766194626,5
766194627,5
766194628,0
766194629,5
766194630,0
766194631,5
766194632,5
766194633,5
766194634,0
766194635,0
766194636,0
766194637,5
766194638,5
766194639,0
766194640,0
766194641,0
766194642,5
766194643,5
766194644,5
766194645,0
766194646,0
766194647,5
766194648,5
766194649,0
766194650,2
766194651,5
766194652,5
766194653,5
766194654,5
766194655,5
766194656,5
766194657,5
766194658,0
766194659,0
766194660,5
766194661,5
766194662,5
766194663,0
766194664,0
766194665,0
766194666,0
766194667,5
766194668,0
766194669,5
766194670,5
766194671,0
766194672,0
766194673,2
766194674,0
766194675,5
766194676,0
766194677,5
766194678,0
766194679,2
766194680,5
766194681,0
766194682,5
766194683,5
766194684,5
766194685,5
766194686,5
766194687,5
766194688,0
766194689,5
766194690,0
766194691,2
766194692,5
766194693,5
766194694,0
766194695,5
766194696,5
766194697,0
766194698,0
766194699,5
766194700,0
766194701,0
766194702,0
766194703,5
766194704,0
766194705,0
766194706,0
766194707,0
766194708,5
766194709,0
766194710,1
766194711,5
766194712,5
766194713,5
766194714,0
766194715,0
766194716,2
766194717,2
766194718,5
766194719,5
766194720,5
766194721,2
766194722,5
766194723,5
766194724,5
766194725,0
766194726,0
766194727,5
766194728,5
766194729,0
766194730,0
766194731,2
766194732,2
766194733,2
766194734,0
766194735,0
766194736,2
766194737,5
766194738,5
766194739,0
766194740,0
766194741,5
766194742,5
766194743,5
766194744,0
766194745,0
766194746,5
766194747,5
766194748,2
766194749,2
766194750,5
766194751,5
766194752,5
766194753,0
766194754,0
766194755,0
766194756,2
766194757,5
766194758,0
766194759,5
766194760,5
766194761,5
766194762,0
766194763,2
766194764,5
766194765,5
766194766,2
766194767,0
766194768,0
766194769,5
766194770,0
766194771,0
766194772,5
766194773,0
766194774,5
766194775,0
766194776,0
766194777,1
766194778,0
766194779,5
766194780,2
766194781,5
766194782,5
766194783,5
766194784,0
766194785,5
766194786,0
766194787,5
766194788,0
766194789,5
766194790,0
766194791,5
766194792,5
766194793,5
766194794,0
766194795,5
766194796,2
766194797,5
766194798,0
766194799,0
766194800,0
766194801,0
766194802,0
766194803,2
766194804,0
766194805,5
766194806,5
766194807,5
766194808,2
766194809,5
766194810,2
766194811,0
766194812,0
766194813,5
766194814,0
766194815,5
766194816,5
766194817,5
766194818,5
766194819,0
766194820,5
766194821,5
766194822,2
766194823,5
766194824,0
766194825,5
766194826,5
766194827,0
766194828,5
766194829,0
766194830,5
766194831,0
766194832,5
766194833,0
766194834,0
766194835,5
766194836,5
766194837,0
766194838,5
766194839,5
766194840,0
766194841,5
766194842,0
766194843,5
766194844,0
766194845,5
766194846,2
766194847,0
766194848,5
766194849,2
766194850,5
766194851,2
766194852,5
766194853,0
766194854,0
766194855,5
766194856,0
766194857,5
766194858,0
766194859,5
766194860,5
766194861,5
766194862,0
766194863,5
766194864,2
766194865,2
766194866,0
766194867,0
766194868,0
766194869,0
766194870,5
766194871,5
766194872,5
766194873,5
766194874,0
766194875,2
766194876,0
766194877,0
766194878,0
766194879,5
766194880,0
766194881,5
766194882,5
766194883,0
766194884,0
766194885,0
766194886,5
766194887,0
766194888,0
766194889,5
766194890,0
766194891,0
766194892,5
766194893,0
766194894,0
766194895,5
766194896,5
766194897,5
766194898,0
766194899,5
766194900,5
766194901,5
766194902,5
766194903,0
766194904,5
766194905,0
766194906,2
766194907,0
766194908,5
766194909,2
766194910,0
766194911,2
766194912,5
766194913,0
766194914,0
766194915,0
766194916,0
766194917,0
766194918,5
766194919,5
766194920,0
766194921,5
766194922,0
766194923,5
766194924,0
766194925,0
766194926,5
766194927,0
766194928,0
766194929,5
766194930,5
766194931,5
766194932,0
766194933,5
766194934,2
766194935,5
766194936,5
766194937,0
766194938,5
766194939,0
766194940,0
766194941,2
766194942,0
766194943,5
766194944,2
766194945,0
766194946,5
766194947,5
766194948,0
766194949,5
766194950,5
766194951,5
766194952,5
766194953,5
766194954,5
766194955,0
766194956,5
766194957,5
766194958,0
766194959,2
766194960,0
766194961,0
766194962,0
766194963,0
766194964,0
766194965,5
766194966,5
766194967,5
766194968,0
766194969,0
766194970,5
766194971,0
766194972,2
766194973,5
766194974,5
766194975,5
766194976,0
766194977,5
766194978,0
766194979,0
766194980,0
766194981,5
766194982,5
766194983,5
766194984,0
766194985,0
766194986,0
766194987,1
766194988,1
766194989,1
766194990,2
766194991,5
766194992,3
766194993,1
766194994,1
766194995,2
766194996,3
766194997,3
766194998,0
766194999,3
766195000,1
766195001,1
766195002,1
766195003,1
766195004,1
766195005,2
766195006,5
766195007,0
766195008,1
766195009,0
766195010,0
766195011,5
766195012,1
766195013,0
766195014,0
766195015,0
766195016,2
766195017,1
766195018,0
766195019,5
766195020,1
766195021,5
766195022,5
766195023,1
766195024,2
766195025,5
766195026,0
766195027,0
766195028,5
766195029,1
766195030,0
766195031,2
766195032,3
766195033,0
766195034,1
766195035,1
766195036,1
766195037,0
766195038,0
766195039,2
766195040,0
766195041,0
766195042,0
766195043,3
766195044,0
766195045,5
766195046,2
766195047,0
766195048,5
766195049,0
766195050,5
766195051,5
766195052,0
766195053,0
766195054,5
766195055,5
766195056,0
766195057,0
766195058,0
766195059,2
766195060,5
766195061,5
766195062,0
766195063,0
766195064,0
766195065,5
766195066,5
766195067,0
766195068,0
766195069,5
766195070,0
766195071,0
766195072,0
766195073,5
766195074,2
766195075,0
766195076,0
766195077,5
766195078,5
766195079,2
766195080,0
766195081,2
766195082,0
766195083,2
766195084,0
766195085,0
766195086,0
766195087,2
766195088,5
766195089,1
766195090,0
766195091,2
766195092,5
766195093,0
766195094,1
766195095,0
766195096,5
766195097,5
766195098,2
766195099,2
766195100,1
766195101,5
766195102,5
766195103,2
766195104,0
766195105,0
766195106,2
766195107,0
766195108,5
766195109,1
766195110,0
766195111,2
766195112,5
766195113,0
766195114,1
766195115,5
766195116,1
766195117,0
766195118,5
766195119,2
766195120,5
766195121,2
766195122,5
766195123,0
766195124,0
766195125,3
766195126,5
766195127,5
766195128,4
766195129,2
766195130,5
766195131,0
766195132,5
766195133,2
766195134,0
766195135,5
766195136,1
766195137,0
766195138,0
766195139,5
766195140,5
766195141,0
766195142,0
766195143,0
766195144,2
766195145,0
766195146,5
766195147,0
766195148,5
766195149,5
766195150,0
766195151,1
766195152,5
766195153,5
766195154,2
766195155,2
766195156,5
766195157,2
766195158,5
766195159,2
766195160,0
766195161,1
766195162,0
766195163,5
766195164,2
766195165,5
766195166,2
766195167,1
766195168,5
766195169,2
766195170,2
766195171,1
766195172,5
766195173,5
766195174,0
766195175,2
766195176,3
766195177,2
766195178,2
766195179,2
766195180,2
766195181,0
766195182,2
766195183,2
766195184,1
766195185,2
766195186,0
766195187,0
766195188,1
766195189,5
766195190,5
766195191,0
766195192,0
766195193,2
766195194,2
766195195,2
766195196,5
766195197,1
766195198,5
766195199,2
766195200,3
766195201,5
766195202,2
766195203,2
766195204,2
766195205,2
766195206,2
766195207,2
766195208,2
766195209,0
766195210,5
766195211,2
766195212,1
766195213,0
766195214,2
766195215,2
766195216,0
766195217,0
766195218,0
766195219,1
766195220,3
766195221,3
766195222,5
766195223,5
766195224,3
766195225,3
766195226,2
766195227,1
766195228,0
766195229,2
766195230,2
766195231,5
766195232,5
766195233,0
766195234,5
766195235,5
766195236,0
766195237,2
766195238,3
766195239,0
766195240,0
766195241,2
766195242,5
766195243,1
766195244,0
766195245,1
766195246,5
766195247,0
766195248,2
766195249,5
766195250,1
766195251,2
766195252,1
766195253,5
766195254,0
766195255,0
766195256,5
766195257,0
766195258,2
766195259,1
766195260,0
766195261,0
766195262,0
766195263,0
766195264,1
766195265,5
766195266,0
766195267,5
766195268,2
766195269,0
766195270,1
766195271,2
766195272,5
766195273,2
766195274,5
766195275,0
766195276,0
766195277,0
766195278,2
766195279,1
766195280,5
766195281,5
766195282,0
766195283,5
766195284,2
766195285,0
766195286,0
766195287,1
766195288,0
766195289,2
766195290,0
766195291,0
766195292,0
766195293,1
766195294,5
766195295,0
766195296,0
766195297,0
766195298,0
766195299,5
766195300,0
766195301,5
766195302,5
766195303,2
766195304,5
766195305,5
766195306,0
766195307,0
766195308,0
766195309,0
766195310,0
766195311,2
766195312,0
766195313,0
766195314,5
766195315,2
766195316,5
766195317,2
766195318,0
766195319,5
766195320,0
766195321,0
766195322,0
766195323,5
766195324,5
766195325,2
766195326,2
766195327,5
766195328,1
766195329,3
766195330,4
766195331,1
766195332,4
766195333,4
766195334,3
766195335,3
766195336,1
766195337,1
766195338,0
766195339,5
766195340,1
766195341,1
766195342,2
766195343,2
766195344,5
766195345,1
766195346,3
766195347,1
766195348,0
766195349,2
766195350,1
766195351,2
766195352,1
766195353,1
766195354,5
766195355,1
766195356,1
766195357,1
766195358,0
766195359,5
766195360,2
766195361,5
766195362,2
766195363,1
766195364,1
766195365,5
766195366,5
766195367,0
766195368,5
766195369,5
766195370,2
766195371,1
766195372,3
766195373,2
766195374,2
766195375,1
766195376,1
766195377,1
766195378,1
766195379,5
766195380,1
766195381,0
766195382,1
766195383,5
766195384,1
766195385,3
766195386,5
766195387,4
766195388,3
766195389,5
766195390,2
766195391,1
766195392,2
766195393,5
766195394,5
766195395,5
766195396,0
766195397,0
766195398,0
766195399,5
766195400,2
766195401,5
766195402,1
766195403,5
766195404,5
766195405,0
766195406,2
766195407,5
766195408,0
766195409,5
766195410,5
766195411,0
766195412,2
766195413,5
766195414,2
766195415,1
766195416,5
766195417,2
766195418,0
766195419,1
766195420,0
766195421,0
766195422,2
766195423,5
766195424,0
766195425,0
766195426,2
766195427,2
766195428,2
766195429,0
766195430,2
766195431,1
766195432,1
766195433,2
766195434,2
766195435,5
766195436,0
766195437,1
766195438,0
766195439,0
766195440,0
766195441,5
766195442,5
766195443,1
766195444,2
766195445,2
766195446,0
766195447,5
766195448,0
766195449,5
766195450,0
766195451,0
766195452,0
766195453,0
766195454,0
766195455,5
766195456,2
766195457,5
766195458,5
766195459,0
766195460,0
766195461,0
766195462,0
766195463,0
766195464,5
766195465,5
766195466,5
766195467,1
766195468,0
766195469,0
766195470,0
766195471,2
766195472,0
766195473,0
766195474,5
766195475,5
766195476,0
766195477,4
766195478,2
766195479,5
766195480,2
766195481,0
766195482,2
766195483,1
766195484,2
766195485,2
766195486,1
766195487,3
766195488,5
766195489,0
766195490,0
766195491,5
766195492,1
766195493,5
766195494,5
766195495,5
766195496,0
766195497,2
766195498,0
766195499,5
766195500,0
766195501,5
766195502,2
766195503,5
766195504,3
766195505,2
766195506,0
766195507,1
766195508,1
766195509,2
766195510,1
766195511,1
766195512,0
766195513,1
766195514,1
766195515,0
766195516,5
766195517,0
766195518,2
766195519,1
766195520,5
766195521,1
766195522,2
766195523,1
766195524,0
766195525,1
766195526,2
766195527,5
766195528,5
766195529,3
766195530,0
766195531,5
766195532,0
766195533,5
766195534,5
766195535,5
766195536,5
766195537,0
766195538,2
766195539,0
766195540,5
766195541,2
766195542,5
766195543,0
766195544,2
766195545,5
766195546,0
766195547,0
766195548,2
766195549,1
766195550,3
766195551,5
766195552,1
766195553,5
766195554,0
766195555,0
766195556,0
766195557,1
766195558,2
766195559,2
766195560,5
766195561,0
766195562,4
766195563,0
766195564,3
766195565,2
766195566,3
766195567,5
766195568,1
766195569,0
766195570,2
766195571,0
766195572,5
766195573,2
766195574,2
766195575,1
766195576,1
766195577,5
766195578,2
766195579,0
766195580,0
766195581,0
766195582,2
766195583,5
766195584,5
766195585,0
766195586,5
766195587,5
766195588,2
766195589,5
766195590,2
766195591,5
766195592,5
766195593,0
766195594,0
766195595,5
766195596,5
766195597,3
766195598,0
766195599,3
766195600,1
766195601,5
766195602,5
766195603,5
766195604,0
766195605,4
766195606,5
766195607,5
766195608,5
766195609,1
766195610,5
766195611,5
766195612,0
766195613,5
766195614,2
766195615,5
766195616,5
766195617,2
766195618,0
766195619,0
766195620,2
766195621,2
766195622,2
766195623,2
766195624,0
766195625,3
766195626,2
766195627,1
766195628,2
766195629,5
766195630,2
766195631,5
766195632,0
766195633,3
766195634,0
766195635,2
766195636,5
766195637,5
766195638,0
766195639,0
766195640,0
766195641,0
766195642,2
766195643,0
766195644,0
766195645,0
766195646,5
766195647,2
766195648,0
766195649,1
766195650,0
766195651,0
766195652,0
766195653,5
766195654,5
766195655,1
766195656,3
766195657,2
766195658,2
766195659,5
766195660,1
766195661,0
766195662,5
766195663,5
766195664,5
766195665,1
766195666,0
766195667,3
766195668,1
766195669,5
766195670,2
766195671,2
766195672,5
766195673,5
766195674,0
766195675,5
766195676,0
766195677,0
766195678,1
766195679,1
766195680,1
766195681,0
766195682,0
766195683,0
766195684,1
766195685,5
766195686,2
766195687,5
766195688,0
766195689,1
766195690,5
766195691,0
766195692,5
766195693,5
766195694,0
766195695,1
766195696,5
766195697,5
766195698,2
766195699,0
766195700,5
766195701,5
766195702,2
766195703,2
766195704,0
766195705,0
766195706,2
766195707,5
766195708,5
766195709,1
766195710,2
766195711,0
766195712,1
766195713,1
766195714,2
766195715,5
766195716,3
766195717,3
766195718,2
766195719,5
766195720,2
766195721,5
766195722,5
766195723,2
766195724,2
766195725,5
766195726,2
766195727,5
766195728,2
766195729,2
766195730,1
766195731,2
766195732,5
766195733,1
766195734,5
766195735,5
766195736,0
766195737,1
766195738,2
766195739,0
766195740,5
766195741,2
766195742,5
766195743,0
766195744,0
766195745,5
766195746,0
766195747,1
766195748,1
766195749,0
766195750,5
766195751,5
766195752,2
766195753,2
766195754,2
766195755,2
766195756,5
766195757,0
766195758,5
766195759,2
766195760,0
766195761,3
766195762,5
766195763,2
766195764,5
766195765,0
766195766,1
766195767,2
766195768,2
766195769,5
766195770,5
766195771,5
766195772,2
766195773,1
766195774,2
766195775,1
766195776,1
766195777,0
766195778,5
766195779,0
766195780,0
766195781,2
766195782,0
766195783,5
766195784,5
766195785,5
766195786,5
766195787,5
766195788,0
766195789,0
766195790,0
766195791,5
766195792,0
766195793,0
766195794,0
766195795,0
766195796,2
766195797,5
766195798,5
766195799,0
766195800,5
766195801,5
766195802,5
766195803,5
766195804,2
766195805,0
766195806,0
766195807,5
766195808,5
766195809,1
766195810,2
766195811,2
766195812,0
766195813,5
766195814,0
766195815,1
766195816,0
766195817,0
766195818,1
766195819,2
766195820,0
766195821,0
766195822,3
766195823,1
766195824,0
766195825,2
766195826,5
766195827,2
766195828,1
766195829,0
766195830,5
766195831,5
766195832,2
766195833,2
766195834,2
766195835,5
766195836,0
766195837,5
766195838,5
766195839,2
766195840,5
766195841,1
766195842,2
766195843,0
766195844,5
766195845,1
766195846,1
766195847,2
766195848,2
766195849,5
766195850,0
766195851,1
766195852,2
766195853,0
766195854,5
766195855,1
766195856,1
766195857,1
766195858,1
766195859,5
766195860,0
766195861,1
766195862,5
766195863,5
766195864,1
766195865,5
766195866,1
766195867,5
766195868,5
766195869,0
766195870,0
766195871,0
766195872,0
766195873,0
766195874,0
766195875,5
766195876,5
766195877,5
766195878,5
766195879,5
766195880,2
766195881,3
766195882,2
766195883,5
766195884,5
766195885,1
766195886,1
766195887,1
766195888,0
766195889,2
766195890,5
766195891,0
766195892,0
766195893,2
766195894,2
766195895,1
766195896,0
766195897,0
766195898,5
766195899,0
766195900,0
766195901,2
766195902,5
766195903,0
766195904,0
766195905,0
766195906,5
766195907,2
766195908,2
766195909,0
766195910,2
766195911,3
766195912,1
766195913,1
766195914,1
766195915,5
766195916,5
766195917,1
766195918,5
766195919,5
766195920,5
766195921,2
766195922,0
766195923,0
766195924,0
766195925,0
766195926,5
766195927,0
766195928,5
766195929,0
766195930,3
766195931,2
766195932,1
766195933,1
766195934,1
766195935,2
766195936,5
766195937,0
766195938,5
766195939,2
766195940,2
766195941,5
766195942,0
766195943,5
766195944,0
766195945,0
766195946,5
766195947,0
766195948,5
766195949,5
766195950,0
766195951,5
766195952,5
766195953,5
766195954,1
766195955,1
766195956,4
766195957,1
766195958,5
766195959,5
766195960,2
766195961,1
766195962,2
766195963,0
766195964,1
766195965,5
766195966,5
766195967,5
766195968,2
766195969,5
766195970,0
766195971,5
766195972,2
766195973,2
766195974,2
766195975,1
766195976,5
766195977,0
766195978,0
766195979,0
766195980,3
766195981,0
766195982,5
766195983,0
766195984,2
766195985,5
766195986,5
766195987,0
766195988,5
766195989,5
766195990,5
766195991,5
766195992,3
766195993,0
766195994,5
766195995,0
766195996,2
766195997,2
766195998,5
766195999,5
766196000,2
766196001,2
766196002,5
766196003,0
766196004,0
766196005,2
766196006,5
766196007,5
766196008,5
766196009,2
766196010,5
766196011,5
766196012,5
766196013,0
766196014,5
766196015,5
766196016,5
766196017,2
766196018,5
766196019,5
766196020,1
766196021,5
766196022,5
766196023,3
766196024,2
766196025,5
766196026,1
766196027,2
766196028,2
766196029,1
766196030,5
766196031,5
766196032,2
766196033,5
766196034,0
766196035,5
766196036,5
766196037,5
766196038,5
766196039,1
766196040,2
766196041,5
766196042,0
766196043,5
766196044,2
766196045,1
766196046,2
766196047,2
766196048,2
766196049,1
766196050,5
766196051,2
766196052,2
766196053,2
766196054,5
766196055,2
766196056,2
766196057,1
766196058,5
766196059,5
766196060,0
766196061,1
766196062,2
766196063,1
766196064,0
766196065,2
766196066,0
766196067,0
766196068,1
766196069,0
766196070,0
766196071,2
766196072,0
766196073,0
766196074,5
766196075,2
766196076,5
766196077,5
766196078,5
766196079,0
766196080,2
766196081,0
766196082,5
766196083,2
766196084,2
766196085,3
766196086,1
766196087,2
766196088,5
766196089,5
766196090,5
766196091,1
766196092,2
766196093,1
766196094,5
766196095,0
766196096,5
766196097,5
766196098,5
766196099,1
766196100,5
766196101,1
766196102,5
766196103,5
766196104,3
766196105,0
766196106,1
766196107,0
766196108,1
766196109,0
766196110,5
766196111,2
766196112,1
766196113,5
766196114,1
766196115,5
766196116,3
766196117,5
766196118,5
766196119,5
766196120,1
766196121,1
766196122,5
766196123,5
766196124,2
766196125,5
766196126,5
766196127,2
766196128,0
766196129,0
766196130,2
766196131,4
766196132,2
766196133,5
766196134,2
766196135,0
766196136,0
766196137,5
766196138,0
766196139,1
766196140,1
766196141,2
766196142,2
766196143,5
766196144,5
766196145,2
766196146,2
766196147,0
766196148,0
766196149,5
766196150,2
766196151,5
766196152,5
766196153,5
766196154,5
766196155,5
766196156,2
766196157,0
766196158,2
766196159,5
766196160,0
766196161,5
766196162,5
766196163,0
766196164,5
766196165,1
766196166,0
766196167,5
766196168,0
766196169,0
766196170,0
766196171,0
766196172,0
766196173,0
766196174,0
766196175,5
766196176,0
766196177,0
766196178,0
766196179,5
766196180,2
766196181,0
766196182,0
766196183,0
766196184,1
766196185,2
766196186,5
766196187,2
766196188,5
766196189,2
766196190,0
766196191,2
766196192,5
766196193,0
766196194,5
766196195,5
766196196,5
766196197,5
766196198,5
766196199,5
766196200,0
766196201,2
766196202,1
766196203,5
766196204,5
766196205,5
766196206,2
766196207,2
766196208,0
766196209,2
766196210,5
766196211,5
766196212,3
766196213,2
766196214,2
766196215,5
766196216,5
766196217,2
766196218,2
766196219,2
766196220,5
766196221,1
766196222,5
766196223,1
766196224,5
766196225,1
766196226,5
766196227,2
766196228,2
766196229,0
766196230,2
766196231,1
766196232,5
766196233,1
766196234,2
766196235,0
766196236,1
766196237,5
766196238,2
766196239,5
766196240,5
766196241,5
766196242,1
766196243,0
766196244,2
766196245,5
766196246,1
766196247,5
766196248,0
766196249,1
766196250,5
766196251,5
766196252,2
766196253,1
766196254,0
766196255,1
766196256,2
766196257,2
766196258,5
766196259,5
766196260,2
766196261,2
766196262,1
766196263,2
766196264,5
766196265,2
766196266,1
766196267,5
766196268,0
766196269,2
766196270,5
766196271,5
766196272,0
766196273,5
766196274,0
766196275,1
766196276,0
766196277,0
766196278,5
766196279,1
766196280,5
766196281,1
766196282,1
766196283,0
766196284,5
766196285,0
766196286,1
766196287,5
766196288,1
766196289,1
766196290,0
766196291,2
766196292,5
766196293,2
766196294,0
766196295,5
766196296,2
766196297,1
766196298,5
766196299,3
766196300,2
766196301,2
766196302,3
766196303,2
766196304,5
766196305,1
766196306,3
766196307,5
766196308,3
766196309,1
766196310,2
766196311,5
766196312,5
766196313,0
766196314,2
766196315,5
766196316,0
766196317,5
766196318,1
766196319,5
766196320,0
766196321,0
766196322,0
766196323,0
766196324,5
766196325,5
766196326,5
766196327,5
766196328,1
766196329,2
766196330,2
766196331,0
766196332,2
766196333,5
766196334,5
766196335,0
766196336,0
766196337,2
766196338,0
766196339,2
766196340,0
766196341,2
766196342,5
766196343,0
766196344,0
766196345,3
766196346,5
766196347,0
766196348,2
766196349,5
766196350,0
766196351,2
766196352,0
766196353,2
766196354,5
766196355,2
766196356,5
766196357,5
766196358,2
766196359,2
766196360,1
766196361,2
766196362,1
766196363,1
766196364,3
766196365,1
766196366,2
766196367,1
766196368,5
766196369,0
766196370,5
766196371,0
766196372,3
766196373,5
766196374,2
766196375,2
766196376,1
766196377,1
766196378,5
766196379,0
766196380,2
766196381,5
766196382,4
766196383,0
766196384,0
766196385,0
766196386,5
766196387,2
766196388,2
766196389,0
766196390,1
766196391,0
766196392,2
766196393,1
766196394,2
766196395,3
766196396,2
766196397,1
766196398,5
766196399,5
766196400,2
766196401,2
766196402,1
766196403,1
766196404,2
766196405,3
766196406,2
766196407,1
766196408,2
766196409,1
766196410,0
766196411,2
766196412,2
766196413,1
766196414,2
766196415,2
766196416,0
766196417,1
766196418,5
766196419,3
766196420,5
766196421,5
766196422,0
766196423,2
766196424,3
766196425,5
766196426,0
766196427,0
766196428,2
766196429,0
766196430,0
766196431,5
766196432,5
766196433,0
766196434,1
766196435,1
766196436,1
766196437,2
766196438,1
766196439,0
766196440,2
766196441,1
766196442,5
766196443,5
766196444,1
766196445,1
766196446,2
766196447,2
766196448,3
766196449,5
766196450,2
766196451,3
766196452,1
766196453,5
766196454,0
766196455,2
766196456,2
766196457,2
766196458,0
766196459,5
766196460,2
766196461,2
766196462,3
766196463,2
766196464,5
766196465,1
766196466,1
766196467,1
766196468,5
766196469,1
766196470,5
766196471,2
766196472,0
766196473,3
766196474,1
766196475,5
766196476,5
766196477,2
766196478,2
766196479,3
766196480,1
766196481,5
766196482,5
766196483,2
766196484,5
766196485,5
766196486,2
766196487,5
766196488,0
766196489,0
766196490,2
766196491,0
766196492,2
766196493,2
766196494,2
766196495,1
766196496,0
766196497,5
766196498,0
766196499,2
766196500,2
766196501,0
766196502,1
766196503,1
766196504,0
766196505,5
766196506,5
766196507,3
766196508,0
766196509,1
766196510,2
766196511,5
766196512,2
766196513,3
766196514,2
766196515,0
766196516,5
766196517,1
766196518,5
766196519,0
766196520,0
766196521,2
766196522,5
766196523,3
766196524,0
766196525,0
766196526,0
766196527,0
766196528,5
766196529,5
766196530,4
766196531,5
766196532,1
766196533,1
766196534,3
766196535,0
766196536,2
766196537,0
766196538,5
766196539,5
766196540,2
766196541,2
766196542,5
766196543,0
766196544,0
766196545,5
766196546,1
766196547,2
766196548,2
766196549,1
766196550,5
766196551,2
766196552,2
766196553,1
766196554,1
766196555,0
766196556,5
766196557,2
766196558,1
766196559,4
766196560,5
766196561,1
766196562,5
766196563,5
766196564,5
766196565,2
766196566,2
766196567,2
766196568,0
766196569,0
766196570,5
766196571,1
766196572,2
766196573,1
766196574,5
766196575,5
766196576,5
766196577,0
766196578,0
766196579,5
766196580,1
766196581,3
766196582,2
766196583,2
766196584,5
766196585,0
766196586,0
766196587,5
766196588,0
766196589,0
766196590,2
766196591,2
766196592,0
766196593,1
766196594,5
766196595,5
766196596,5
766196597,5
766196598,5
766196599,5
766196600,5
766196601,5
766196602,5
766196603,5
766196604,2
766196605,5
766196606,0
766196607,5
766196608,5
766196609,1
766196610,4
766196611,1
766196612,5
766196613,2
766196614,5
766196615,1
766196616,2
766196617,2
766196618,0
766196619,5
766196620,2
766196621,5
766196622,2
766196623,5
766196624,2
766196625,3
766196626,0
766196627,0
766196628,5
766196629,5
766196630,5
766196631,5
766196632,0
766196633,1
766196634,0
766196635,0
766196636,2
766196637,5
766196638,5
766196639,2
766196640,5
766196641,1
766196642,0
766196643,5
766196644,0
766196645,0
766196646,1
766196647,3
766196648,3
766196649,0
766196650,0
766196651,5
766196652,5
766196653,1
766196654,2
766196655,4
766196656,3
766196657,5
766196658,0
766196659,5
766196660,3
766196661,0
766196662,0
766196663,5
766196664,5
766196665,2
766196666,2
766196667,2
766196668,2
766196669,2
766196670,0
766196671,0
766196672,1
766196673,5
766196674,5
766196675,1
766196676,0
766196677,1
766196678,5
766196679,2
766196680,5
766196681,0
766196682,1
766196683,5
766196684,0
766196685,2
766196686,2
766196687,0
766196688,0
766196689,5
766196690,3
766196691,0
766196692,5
766196693,5
766196694,0
766196695,0
766196696,0
766196697,5
766196698,0
766196699,5
766196700,5
766196701,5
766196702,0
766196703,2
766196704,5
766196705,0
766196706,5
766196707,5
766196708,1
766196709,1
766196710,5
766196711,5
766196712,0
766196713,0
766196714,5
766196715,3
766196716,0
766196717,2
766196718,1
766196719,3
766196720,0
766196721,5
766196722,1
766196723,5
766196724,2
766196725,1
766196726,4
766196727,1
766196728,5
766196729,4
766196730,3
766196731,1
766196732,0
766196733,5
766196734,4
766196735,2
766196736,0
766196737,2
766196738,5
766196739,5
766196740,5
766196741,5
766196742,0
766196743,2
766196744,3
766196745,5
766196746,2
766196747,5
766196748,1
766196749,2
766196750,2
766196751,0
766196752,5
766196753,2
766196754,0
766196755,0
766196756,5
766196757,5
766196758,5
766196759,0
766196760,0
766196761,5
766196762,2
766196763,2
766196764,2
766196765,0
766196766,2
766196767,2
766196768,0
766196769,0
766196770,5
766196771,2
766196772,2
766196773,0
766196774,0
766196775,2
766196776,5
766196777,2
766196778,2
766196779,2
766196780,5
766196781,5
766196782,2
766196783,0
766196784,2
766196785,1
766196786,5
766196787,2
766196788,2
766196789,1
766196790,1
766196791,2
766196792,1
766196793,2
766196794,5
766196795,2
766196796,2
766196797,5
766196798,5
766196799,1
766196800,2
766196801,1
766196802,5
766196803,2
766196804,5
766196805,0
766196806,5
766196807,0
766196808,2
766196809,5
766196810,0
766196811,2
766196812,2
766196813,5
766196814,0
766196815,2
766196816,0
766196817,5
766196818,2
766196819,5
766196820,2
766196821,1
766196822,2
766196823,2
766196824,5
766196825,1
766196826,2
766196827,5
766196828,2
766196829,5
766196830,1
766196831,5
766196832,5
766196833,2
766196834,2
766196835,5
766196836,2
766196837,1
766196838,5
766196839,0
766196840,5
766196841,2
766196842,0
766196843,0
766196844,1
766196845,2
766196846,1
766196847,2
766196848,0
766196849,5
766196850,1
766196851,0
766196852,5
766196853,5
766196854,5
766196855,2
766196856,5
766196857,2
766196858,1
766196859,2
766196860,1
766196861,5
766196862,5
766196863,5
766196864,1
766196865,0
766196866,2
766196867,2
766196868,0
766196869,5
766196870,0
766196871,0
766196872,0
766196873,0
766196874,5
766196875,5
766196876,0
766196877,0
766196878,0
766196879,0
766196880,2
766196881,0
766196882,5
766196883,0
766196884,5
766196885,5
766196886,2
766196887,2
766196888,5
766196889,0
766196890,5
766196891,3
766196892,1
766196893,5
766196894,2
766196895,1
766196896,5
766196897,5
766196898,1
766196899,1
766196900,2
766196901,0
766196902,5
766196903,3
766196904,2
766196905,5
766196906,0
766196907,5
766196908,2
766196909,5
766196910,2
766196911,2
766196912,0
766196913,0
766196914,0
766196915,0
766196916,5
766196917,5
766196918,2
766196919,2
766196920,5
766196921,1
766196922,3
766196923,3
766196924,2
766196925,0
766196926,3
766196927,2
766196928,0
766196929,1
766196930,5
766196931,0
766196932,0
766196933,2
766196934,5
766196935,0
766196936,0
766196937,0
766196938,2
766196939,2
766196940,0
766196941,5
766196942,0
766196943,2
766196944,5
766196945,5
766196946,5
766196947,1
766196948,0
766196949,2
766196950,0
766196951,2
766196952,2
766196953,1
766196954,3
766196955,0
766196956,0
766196957,2
766196958,5
766196959,0
766196960,0
766196961,0
766196962,3
766196963,1
766196964,0
766196965,5
766196966,0
766196967,0
766196968,5
766196969,5
766196970,1
766196971,0
766196972,5
766196973,5
766196974,2
766196975,0
766196976,2
766196977,2
766196978,5
766196979,2
766196980,1
766196981,1
766196982,0
766196983,5
766196984,1
766196985,0
766196986,5
766196987,3
766196988,5
766196989,0
766196990,5
766196991,2
766196992,1
766196993,2
766196994,2
766196995,5
766196996,1
766196997,4
766196998,4
766196999,5
766197000,0
766197001,4
766197002,4
766197003,4
766197004,4
766197005,3
766197006,0
766197007,4
766197008,0
766197009,0
766197010,1
766197011,3
766197012,1
766197013,1
766197014,4
766197015,3
766197016,4
766197017,2
766197018,5
766197019,5
766197020,2
766197021,5
766197022,0
766197023,1
766197024,5
766197025,2
766197026,3
766197027,5
766197028,1
766197029,1
766197030,3
766197031,5
766197032,5
766197033,1
766197034,5
766197035,0
766197036,0
766197037,5
766197038,2
766197039,5
766197040,5
766197041,0
766197042,0
766197043,5
766197044,5
766197045,0
766197046,2
766197047,5
766197048,1
766197049,5
766197050,5
766197051,5
766197052,5
766197053,0
766197054,0
766197055,5
766197056,5
766197057,2
766197058,5
766197059,1
766197060,1
766197061,0
766197062,2
766197063,1
766197064,0
766197065,0
766197066,1
766197067,2
766197068,5
766197069,0
766197070,0
766197071,5
766197072,1
766197073,5
766197074,2
766197075,5
766197076,0
766197077,5
766197078,5
766197079,5
766197080,1
766197081,1
766197082,0
766197083,0
766197084,1
766197085,0
766197086,0
766197087,2
766197088,1
766197089,2
766197090,2
766197091,2
766197092,1
766197093,0
766197094,2
766197095,5
766197096,5
766197097,5
766197098,5
766197099,5
766197100,2
766197101,2
766197102,3
766197103,1
766197104,0
766197105,0
766197106,5
766197107,5
766197108,2
766197109,1
766197110,1
766197111,1
766197112,3
766197113,3
766197114,5
766197115,1
766197116,2
766197117,0
766197118,2
766197119,0
766197120,0
766197121,5
766197122,0
766197123,2
766197124,5
766197125,0
766197126,5
766197127,0
766197128,0
766197129,5
766197130,2
766197131,0
766197132,3
766197133,2
766197134,1
766197135,2
766197136,0
766197137,2
766197138,2
766197139,2
766197140,0
766197141,2
766197142,5
766197143,0
766197144,5
766197145,0
766197146,1
766197147,5
766197148,0
766197149,0
766197150,0
766197151,1
766197152,0
766197153,2
766197154,2
766197155,5
766197156,5
766197157,2
766197158,2
766197159,5
766197160,5
766197161,5
766197162,5
766197163,5
766197164,0
766197165,0
766197166,5
766197167,5
766197168,5
766197169,5
766197170,0
766197171,0
766197172,0
766197173,1
766197174,5
766197175,5
766197176,0
766197177,0
766197178,5
766197179,0
766197180,5
766197181,0
766197182,2
766197183,0
766197184,2
766197185,5
766197187,0
766197188,2
766197189,5
766197190,0
766197191,5
766197192,2
766197193,1
766197194,1
766197195,0
766197196,2
766197197,1
766197198,5
766197199,0
766197200,2
766197201,1
766197202,2
766197203,2
766197204,0
766197205,1
766197206,1
766197207,5
766197208,5
766197209,5
766197210,0
766197211,0
766197212,0
766197213,5
766197214,2
766197215,2
766197216,5
766197217,2
766197218,0
766197219,0
766197220,0
766197221,2
766197222,2
766197223,0
766197224,0
766197225,2
766197226,0
766197227,2
766197228,2
766197229,0
766197230,1
766197231,2
766197232,0
766197233,5
766197234,5
766197235,1
766197236,0
766197237,5
766197238,2
766197239,0
766197240,0
766197241,0
766197242,1
766197243,1
766197244,2
766197245,0
766197246,1
766197247,5
766197248,0
766197249,0
766197250,0
766197251,5
766197252,5
766197253,5
766197254,5
766197255,2
766197256,5
766197257,0
766197258,3
766197259,5
766197260,5
766197261,5
766197262,2
766197263,0
766197264,0
766197265,2
766197266,1
766197267,2
766197268,5
766197269,5
766197270,3
766197271,1
766197272,0
766197273,2
766197274,0
766197275,5
766197276,2
766197277,3
766197278,5
766197279,2
766197280,0
766197281,2
766197282,0
766197283,0
766197284,3
766197285,2
766197286,3
766197287,0
766197288,5
766197289,1
766197290,0
766197291,5
766197292,1
766197293,5
766197294,5
766197295,3
766197296,2
766197297,5
766197298,3
766197299,1
766197300,1
766197301,1
766197302,2
766197303,1
766197304,0
766197305,2
766197306,1
766197307,2
766197308,0
766197309,5
766197310,5
766197311,0
766197312,2
766197313,0
766197314,2
766197315,5
766197316,3
766197317,2
766197318,2
766197319,5
766197320,1
766197321,2
766197322,5
766197323,1
766197324,5
766197325,5
766197326,5
766197327,2
766197328,2
766197329,1
766197330,0
766197331,3
766197332,0
766197333,1
766197334,0
766197335,5
766197336,0
766197337,2
766197338,0
766197339,2
766197340,5
766197341,1
766197342,2
766197343,3
766197344,2
766197345,0
766197346,2
766197347,0
766197348,5
766197349,0
766197350,2
766197351,5
766197352,0
766197353,5
766197354,2
766197355,5
766197356,2
766197357,1
766197358,0
766197359,0
766197360,2
766197361,5
766197362,2
766197363,5
766197364,0
766197365,0
766197366,0
766197367,0
766197368,0
766197369,0
766197370,0
766197371,5
766197372,1
766197373,5
766197374,3
766197375,5
766197376,2
766197377,2
766197378,0
766197379,2
766197380,5
766197381,5
766197382,0
766197383,1
766197384,0
766197385,2
766197386,5
766197387,5
766197388,5
766197389,5
766197390,0
766197391,2
766197392,3
766197393,1
766197394,5
766197395,1
766197396,3
766197397,5
766197398,0
766197399,2
766197400,5
766197401,0
766197402,2
766197403,5
766197404,2
766197405,5
766197406,2
766197407,1
766197408,2
766197409,0
766197410,2
766197411,0
766197412,5
766197413,5
766197414,2
766197415,5
766197416,5
766197417,2
766197418,0
766197419,1
766197420,1
766197421,0
766197422,1
766197423,0
766197424,0
766197425,1
766197426,1
766197427,2
766197428,5
766197429,5
766197430,5
766197431,5
766197432,0
766197433,5
766197434,2
766197435,0
766197436,5
766197437,0
766197438,5
766197439,0
766197440,0
766197441,5
766197442,0
766197443,0
766197444,1
766197445,0
766197446,5
766197447,5
766197448,5
766197449,0
766197450,1
766197451,2
766197452,2
766197453,2
766197454,2
766197455,1
766197456,5
766197457,1
766197458,1
766197459,5
766197460,5
766197461,0
766197462,2
766197463,0
766197464,2
766197465,1
766197466,2
766197467,5
766197468,0
766197469,1
766197470,2
766197471,2
766197472,1
766197473,4
766197474,1
766197475,2
766197476,0
766197477,3
766197478,0
766197479,2
766197480,2
766197481,5
766197482,2
766197483,2
766197484,1
766197485,0
766197486,2
